<BackupInst xmlns="http://www.microsoft.com/GroupPolicy/GPOOperations/Manifest"><GPOGuid><![CDATA[{EBEEA3EB-71F9-4BB6-82BE-46B48CE68534}]]></GPOGuid><GPODomain><![CDATA[agwvd.onmicrosoft.com]]></GPODomain><GPODomainGuid><![CDATA[{b89aacbf-c647-43a1-a79c-b03663c8e69c}]]></GPODomainGuid><GPODomainController><![CDATA[FHYAFIP3LFMTDBO.agwvd.onmicrosoft.com]]></GPODomainController><BackupTime><![CDATA[2021-04-08T18:43:54]]></BackupTime><ID><![CDATA[{D04A5B75-4787-4C46-A685-45B8E9EB0167}]]></ID><Comment><![CDATA[]]></Comment><GPODisplayName><![CDATA[WVD Session Host Policy]]></GPODisplayName></BackupInst>
